,activity_type,date,favorite,title,distance,calories,time,avg_hr,max_hr,aerobic_te,avg_run_cadence,max_run_cadence,avg_pace,best_pace,elev_gain,elev_loss,avg_stride_length,activity_date,activity_time
0,running,2018-08-04 07:23:05,False,Washington Running,11.01,"1,292",1:40:01,167,190,4.6,161,170,9:05,8:04,193,352,1.1,2018-08-04,07:23:05
1,treadmill_running,2018-08-03 11:51:35,False,Treadmill Running,5.03,538,44:52,152,171,3.2,157,170,8:55,7:55,--,--,1.15,2018-08-03,11:51:35
2,running,2018-08-01 06:58:58,False,Washington Running,6.04,622,52:06,154,176,3.4,160,168,8:37,6:42,106,110,1.17,2018-08-01,06:58:58
3,running,2018-07-30 11:26:46,False,Leelanau County Running,1.94,234,58:19,96,141,1.1,115,133,30:04,2:22,218,326,0.47,2018-07-30,11:26:46
4,running,2018-07-29 13:00:07,False,Leelanau County Running,9.01,938,1:19:14,159,183,3.6,161,246,8:47,7:46,385,401,1.14,2018-07-29,13:00:07
5,running,2018-07-28 12:49:59,False,Leelanau County Running,3.19,353,26:53,165,180,3.2,162,168,8:26,8:02,33,36,1.18,2018-07-28,12:49:59
6,running,2018-07-27 10:28:16,False,Washington Running,4.53,537,40:15,165,184,3.8,160,170,8:53,7:20,100,82,1.13,2018-07-27,10:28:16
7,treadmill_running,2018-07-25 19:27:33,False,Treadmill Running,3.12,268,27:13,136,160,2.0,157,163,8:44,7:32,--,--,1.17,2018-07-25,19:27:33
8,running,2018-07-23 11:08:46,False,Boston Running,5.04,555,42:59,161,180,3.6,160,166,8:32,7:51,129,135,1.18,2018-07-23,11:08:46
9,running,2018-07-21 10:39:16,False,Bourne Running,10.05,"1,128",1:26:32,166,182,4.3,162,173,8:36,7:44,585,660,1.15,2018-07-21,10:39:16
10,running,2018-07-20 17:28:52,False,Sandwich Running,3.03,317,25:37,156,183,3.1,160,166,8:28,7:54,161,168,1.19,2018-07-20,17:28:52
11,running,2018-07-18 18:08:03,False,Sandwich Running,3.53,370,30:51,155,170,3.0,160,164,8:45,7:42,7,7,1.15,2018-07-18,18:08:03
12,running,2018-07-16 07:02:51,False,Washington Running,3.02,307,25:55,151,174,3.0,162,177,8:35,7:59,63,70,1.16,2018-07-16,07:02:51
13,running,2018-07-15 09:59:41,False,Washington Running,3.25,373,28:03,165,188,3.6,162,183,8:37,8:04,264,24,1.16,2018-07-15,09:59:41
14,running,2018-07-14 07:13:43,False,Washington Running,8.06,763,1:09:13,150,180,4.0,162,168,8:35,7:53,237,359,1.16,2018-07-14,07:13:43
15,running,2018-07-11 06:50:04,False,Washington Running,5.02,522,42:55,157,175,3.6,161,174,8:33,7:33,81,89,1.17,2018-07-11,06:50:04
16,running,2018-07-10 08:49:12,False,Washington Running,4.04,494,34:12,--,--,0.0,162,168,8:28,7:25,76,91,1.18,2018-07-10,08:49:12
17,running,2018-07-08 11:47:58,False,Washington Running,4.52,555,38:19,--,--,0.0,161,246,8:28,7:39,88,87,1.18,2018-07-08,11:47:58
18,running,2018-07-07 11:01:11,False,Washington Running,7.03,859,59:44,--,--,0.0,161,245,8:30,6:01,165,153,1.17,2018-07-07,11:01:11
19,running,2018-07-05 06:49:08,False,Washington Running,5.04,537,42:21,164,181,4.1,161,180,8:24,7:20,92,104,1.19,2018-07-05,06:49:08
20,running,2018-07-03 06:48:08,False,Washington Running,5.02,535,42:40,163,186,4.1,160,250,8:30,7:33,78,85,1.18,2018-07-03,06:48:08
21,running,2018-07-01 09:05:54,False,Washington Running,6.52,772,59:33,165,185,4.8,160,245,9:08,7:21,91,99,1.1,2018-07-01,09:05:54
22,running,2018-06-28 18:34:38,False,Washington Running,4.03,437,34:17,162,183,3.8,159,245,8:30,7:45,66,82,1.19,2018-06-28,18:34:38
23,running,2018-06-26 17:24:13,False,Washington Running,4.04,432,33:38,161,184,3.7,159,245,8:20,6:56,77,88,1.21,2018-06-26,17:24:13
24,running,2018-06-18 10:00:40,False,Running,1.01,98,8:41.5,145,164,2.0,159,245,8:36,8:07,21,15,1.18,2018-06-18,10:00:40
25,running,2018-06-16 10:26:53,False,Running,3.12,352,26:53,163,181,3.5,159,166,8:37,8:03,131,133,1.18,2018-06-16,10:26:53
26,running,2018-06-13 18:54:38,False,Washington Running,3.52,389,29:28,163,183,3.6,159,170,8:23,7:19,53,63,1.21,2018-06-13,18:54:38
27,running,2018-06-11 18:33:53,False,Washington Running,4.52,452,38:06,153,173,3.4,159,227,8:26,7:09,92,98,1.2,2018-06-11,18:33:53
28,running,2018-06-07 18:20:21,False,Washington Running,4.03,438,34:42,160,180,3.7,158,168,8:36,7:36,75,86,1.18,2018-06-07,18:20:21
29,running,2018-06-05 18:49:21,False,Washington Running,4.03,414,34:42,153,182,3.3,158,170,8:37,7:36,124,152,1.18,2018-06-05,18:49:21
30,running,2018-06-02 09:17:41,False,Westford Running,2.73,326,25:26,159,176,3.3,160,168,9:19,8:29,103,112,1.08,2018-06-02,09:17:41
31,running,2018-05-29 17:18:40,False,Sandwich Running,4.06,447,34:28,163,183,3.8,160,170,8:29,7:59,136,168,1.19,2018-05-29,17:18:40
32,running,2018-05-25 11:11:56,False,Westfield Running,4.51,507,38:22,164,180,4.0,160,170,8:31,8:09,210,219,1.18,2018-05-25,11:11:56
33,running,2018-05-23 16:49:00,False,Washington Running,2.11,209,18:11,148,176,2.4,159,211,8:37,7:16,25,61,1.18,2018-05-23,16:49:00
34,running,2018-05-15 17:42:00,False,Washington Running,4.01,410,34:33,153,181,3.3,159,166,8:37,7:39,81,85,1.18,2018-05-15,17:42:00
35,running,2018-05-13 11:28:40,False,Washington Running,8.03,881,1:13:13,157,179,3.4,161,168,9:07,7:35,257,383,1.1,2018-05-13,11:28:40
36,running,2018-05-11 18:05:40,False,Washington Running,4.52,446,38:28,150,184,2.9,159,180,8:30,7:39,155,132,1.19,2018-05-11,18:05:40
37,running,2018-05-08 17:48:51,False,Washington Running,5.04,541,42:37,159,178,3.4,160,170,8:28,7:39,90,86,1.19,2018-05-08,17:48:51
38,running,2018-05-07 18:44:35,False,Washington Running,5.54,562,47:20,152,180,3.3,159,166,8:33,7:26,133,142,1.18,2018-05-07,18:44:35
39,running,2018-04-30 17:57:20,False,Washington Running,4.03,406,34:21,150,169,2.9,160,170,8:32,7:17,58,67,1.18,2018-04-30,17:57:20
40,running,2018-04-27 18:40:05,False,Arlington County Running,3.1,283,21:25,166,190,3.1,166,194,6:54,4:57,43,43,1.41,2018-04-27,18:40:05
41,running,2018-04-25 12:42:26,False,Washington Running,4.03,407,34:24,151,180,3.0,162,219,8:33,6:58,77,77,1.16,2018-04-25,12:42:26
42,running,2018-04-24 18:12:37,False,Washington Running,5.53,545,47:41,151,171,3.0,160,170,8:37,7:13,108,99,1.16,2018-04-24,18:12:37
43,running,2018-04-22 10:11:06,False,Washington Running,10.02,"1,092",1:27:42,163,195,3.8,164,174,8:45,6:56,210,219,1.12,2018-04-22,10:11:06
44,running,2018-04-20 18:30:21,False,Arlington County Running,3.15,293,25:08,153,195,3.0,163,181,7:58,5:40,45,43,1.24,2018-04-20,18:30:21
45,running,2018-04-18 17:00:49,False,Washington Running,4.52,481,38:42,160,179,3.5,160,168,8:34,7:47,88,86,1.18,2018-04-18,17:00:49
46,running,2018-04-16 18:20:40,False,Washington Running,4.02,424,35:39,156,173,3.2,160,168,8:53,7:17,122,135,1.13,2018-04-16,18:20:40
47,running,2018-04-14 10:25:25,False,Washington Running,9.59,"1,192",1:31:16,166,185,4.5,164,174,9:31,8:14,562,686,1.03,2018-04-14,10:25:25
48,running,2018-04-13 18:30:28,False,Arlington County Running,3.17,373,28:31,161,180,3.4,162,166,9:00,7:29,52,45,1.11,2018-04-13,18:30:28
49,running,2018-04-12 18:32:08,False,Washington Running,5.54,630,48:52,160,182,3.9,160,168,8:49,7:07,314,325,1.14,2018-04-12,18:32:08
50,running,2018-04-08 18:05:35,False,Washington Running,3.12,295,26:33,145,174,2.7,160,236,8:31,6:56,55,64,1.18,2018-04-08,18:05:35
51,running,2018-04-06 18:40:11,False,Arlington County Running,3.12,326,22:24,180,196,4.0,165,176,7:10,6:27,45,43,1.36,2018-04-06,18:40:11
52,running,2018-04-05 18:31:47,False,Washington Running,4.53,425,38:06,148,178,3.4,160,250,8:25,7:28,126,135,1.19,2018-04-05,18:31:47
53,running,2018-04-02 17:55:48,False,Washington Running,5.02,519,43:09,155,179,3.7,161,168,8:35,7:42,108,116,1.17,2018-04-02,17:55:48
54,running,2018-03-31 11:13:46,False,Washington Running,10.01,"1,128",1:29:31,163,202,4.6,161,219,8:56,7:32,266,389,1.12,2018-03-31,11:13:46
55,running,2018-03-26 18:34:36,False,Washington Running,3.11,346,26:53,161,182,3.4,161,245,8:38,6:48,63,72,1.16,2018-03-26,18:34:36
56,running,2018-03-23 17:56:33,False,Washington Running,5.02,570,42:36,166,184,4.2,160,168,8:29,7:08,97,84,1.18,2018-03-23,17:56:33
57,running,2018-03-17 12:44:38,False,Washington Running,5.03,572,43:23,163,180,4.1,160,170,8:37,7:13,106,116,1.16,2018-03-17,12:44:38
58,running,2018-03-13 18:11:54,False,Washington Running,2.52,276,21:16,161,179,3.2,162,174,8:26,7:44,30,56,1.17,2018-03-13,18:11:54
59,running,2018-03-04 11:08:15,False,Washington Running,6.14,739,53:48,165,182,4.4,163,245,8:46,7:05,108,106,1.13,2018-03-04,11:08:15
60,treadmill_running,2018-02-27 18:40:43,False,Treadmill Running,2.6,274,22:29,149,173,3.0,159,165,8:39,7:34,--,--,1.17,2018-02-27,18:40:43
61,running,2018-02-23 12:33:43,False,Washington Running,4.02,449,33:09,162,183,3.7,163,244,8:15,7:20,68,79,1.19,2018-02-23,12:33:43
62,running,2018-02-21 16:39:06,False,Washington Running,4.02,472,33:26,168,189,4.1,161,168,8:19,7:18,121,118,1.2,2018-02-21,16:39:06
63,running,2018-02-20 17:19:56,False,Washington Running,4.01,414,33:10,154,181,3.5,161,170,8:16,7:09,96,133,1.21,2018-02-20,17:19:56
64,running,2018-02-17 07:51:40,False,Washington Running,3.14,272,22:41,150,166,2.8,167,174,7:13,6:28,1,1,1.34,2018-02-17,07:51:40
65,running,2018-02-12 17:29:59,False,Washington Running,4.02,444,35:42,155,176,3.2,161,170,8:53,7:33,73,78,1.12,2018-02-12,17:29:59
66,running,2018-02-04 10:06:17,False,Washington Running,10.01,924,1:29:28,148,185,3.0,164,181,8:56,6:08,296,314,1.1,2018-02-04,10:06:17
67,running,2018-02-01 16:50:42,False,Washington Running,4.01,422,34:34,155,192,3.1,164,173,8:37,7:46,52,97,1.14,2018-02-01,16:50:42
68,running,2018-01-30 16:35:36,False,Washington Running,4.02,416,33:52,154,178,3.1,164,173,8:25,7:14,55,67,1.17,2018-01-30,16:35:36
69,running,2018-01-27 14:19:25,False,Washington Running,9.01,972,1:20:12,158,184,3.7,163,172,8:54,7:55,340,461,1.11,2018-01-27,14:19:25
70,running,2018-01-24 16:39:44,False,Washington Running,3.17,323,26:46,154,180,3.0,165,174,8:26,7:09,55,64,1.16,2018-01-24,16:39:44
71,running,2018-01-23 16:26:39,False,Washington Running,6.02,638,51:48,160,177,3.6,162,168,8:36,8:06,148,156,1.16,2018-01-23,16:26:39
72,running,2018-01-21 11:36:24,False,Washington Running,8.07,792,1:12:59,148,177,4.1,165,175,9:03,7:40,185,179,1.08,2018-01-21,11:36:24
73,running,2018-01-19 17:40:32,False,Washington Running,5.02,575,43:48,164,180,4.2,163,170,8:44,7:16,142,134,1.13,2018-01-19,17:40:32
74,running,2018-01-16 17:15:20,False,Washington Running,5.03,537,44:08,157,175,3.6,163,182,8:47,7:29,80,90,1.12,2018-01-16,17:15:20
75,running,2018-01-13 09:53:14,False,Washington Running,5.03,557,43:35,163,180,4.1,163,170,8:40,7:56,820,869,1.14,2018-01-13,09:53:14
76,running,2018-01-10 12:18:07,False,Washington Running,5.02,568,43:29,165,180,4.1,161,166,8:40,7:21,125,133,1.15,2018-01-10,12:18:07
77,running,2018-01-09 13:17:36,False,Washington Running,4.53,467,40:04,153,179,3.6,160,166,8:51,8:13,82,82,1.13,2018-01-09,13:17:36
78,running,2018-01-06 12:46:45,False,Washington Running,5.02,593,44:04,169,185,4.5,161,172,8:47,7:49,139,136,1.14,2018-01-06,12:46:45
79,running,2017-12-31 11:18:04,False,Hyde Park Running,4.02,451,36:25,157,185,3.7,162,170,9:03,8:39,112,124,1.1,2017-12-31,11:18:04
81,running,2017-12-18 17:24:15,False,Washington Running,4.52,442,42:40,142,176,3.1,160,170,9:26,7:16,123,133,1.07,2017-12-18,17:24:15
82,running,2017-12-14 12:34:53,False,Washington Running,2.13,209,18:45,145,178,2.5,162,245,8:48,6:30,52,61,1.13,2017-12-14,12:34:53
83,running,2017-12-10 13:49:20,False,Washington Running,10.03,930,1:28:53,152,175,3.3,163,172,8:51,6:45,333,335,1.11,2017-12-10,13:49:20
84,running,2017-12-08 16:22:20,False,Washington Running,5.04,526,46:00,150,170,3.3,161,181,9:08,7:05,122,126,1.09,2017-12-08,16:22:20
85,running,2017-12-05 12:56:55,False,Washington Running,4.06,441,36:10,158,185,3.6,161,182,8:54,7:53,76,85,1.13,2017-12-05,12:56:55
86,running,2017-12-03 10:41:57,False,Washington Running,6.65,705,1:00:11,156,180,3.6,162,170,9:03,8:04,244,166,1.09,2017-12-03,10:41:57
87,running,2017-11-30 12:35:38,False,Washington Running,4.52,511,39:27,167,181,4.1,160,170,8:44,8:06,120,132,1.15,2017-11-30,12:35:38
88,running,2017-11-28 12:39:39,False,Washington Running,4.03,485,35:44,171,185,4.0,160,166,8:53,8:02,64,74,1.13,2017-11-28,12:39:39
89,running,2017-11-23 08:03:03,False,Sandwich Running,3.11,258,22:49,150,193,3.0,166,187,7:20,6:02,131,131,1.32,2017-11-23,08:03:03
90,running,2017-11-15 12:55:50,False,Washington Running,5.02,555,44:32,160,185,3.8,162,170,8:53,7:20,99,106,1.12,2017-11-15,12:55:50
91,running,2017-11-12 11:48:14,False,Washington Running,8.52,878,1:17:25,154,179,3.7,164,182,9:05,7:56,319,292,1.08,2017-11-12,11:48:14
92,running,2017-11-10 11:42:23,False,Washington Running,4.02,433,35:34,158,178,3.6,164,176,8:50,7:23,75,77,1.11,2017-11-10,11:42:23
93,running,2017-11-09 13:04:13,False,Washington Running,4.17,449,37:48,158,183,3.7,162,246,9:04,7:20,57,67,1.1,2017-11-09,13:04:13
94,running,2017-11-05 16:00:59,False,Washington Running,6.23,675,56:42,161,184,4.1,160,168,9:06,7:47,102,114,1.1,2017-11-05,16:00:59
95,running,2017-11-03 12:08:46,False,Washington Running,5.05,591,45:43,169,196,5.0,162,170,9:03,8:24,76,85,1.1,2017-11-03,12:08:46
96,running,2017-10-31 16:33:35,False,Washington Running,5.07,583,46:44,163,181,4.5,159,166,9:13,8:30,133,137,1.1,2017-10-31,16:33:35
97,running,2017-10-29 12:08:01,False,Washington Running,5.02,570,46:45,159,182,4.1,159,243,9:19,7:30,80,97,1.09,2017-10-29,12:08:01
98,running,2017-10-21 08:48:24,False,Washington Running,3.25,380,38:42,144,170,2.3,159,172,11:54,8:54,14,14,0.85,2017-10-21,08:48:24
99,running,2017-10-08 08:05:24,False,Chicago Running,26.57,"2,966",4:57:23,157,185,4.3,157,176,11:12,6:48,269,266,0.91,2017-10-08,08:05:24
100,running,2017-10-05 18:38:41,False,Washington Running,3.13,342,29:23,149,172,2.8,158,168,9:23,8:26,56,66,1.08,2017-10-05,18:38:41
101,running,2017-10-03 18:14:06,False,Washington Running,5.03,491,46:33,143,165,2.7,159,246,9:15,7:02,97,111,1.09,2017-10-03,18:14:06
102,running,2017-09-30 08:18:25,False,Washington Running,8.03,841,1:12:20,155,175,3.2,162,170,9:00,7:53,213,225,1.11,2017-09-30,08:18:25
103,running,2017-09-28 18:26:22,False,Washington Running,4.02,405,37:11,144,167,2.7,159,166,9:15,7:54,70,83,1.09,2017-09-28,18:26:22
104,running,2017-09-26 18:27:34,False,Washington Running,6.02,680,53:35,161,177,3.7,159,183,8:54,7:26,111,106,1.14,2017-09-26,18:27:34
105,running,2017-09-23 08:35:23,False,Washington Running,12.04,"1,199",1:46:05,159,175,3.5,162,186,8:49,7:32,249,263,1.13,2017-09-23,08:35:23
106,running,2017-09-21 17:49:25,False,Washington Running,6.03,645,52:52,158,184,3.3,160,170,8:46,7:47,92,102,1.15,2017-09-21,17:49:25
107,running,2017-09-19 18:17:06,False,Washington Running,5.02,517,44:04,153,171,3.0,160,170,8:46,8:09,78,88,1.15,2017-09-19,18:17:06
108,running,2017-09-18 17:46:50,False,Washington Running,5.03,512,44:33,152,170,3.0,159,168,8:52,8:06,228,211,1.14,2017-09-18,17:46:50
109,running,2017-09-16 09:13:49,False,Washington Running,18.05,"1,839",2:46:00,164,181,3.8,161,246,9:12,6:46,422,580,1.08,2017-09-16,09:13:49
110,running,2017-09-14 18:36:00,False,Washington Running,5.07,562,42:23,166,185,3.7,160,184,8:22,7:34,126,129,1.2,2017-09-14,18:36:00
111,running,2017-09-13 18:37:37,False,Washington Running,1.01,91,8:51.6,137,159,1.7,159,245,8:48,7:21,24,15,1.15,2017-09-13,18:37:37
112,running,2017-09-12 18:13:54,False,Washington Running,6.2,622,54:40,152,173,3.1,159,243,8:49,7:01,153,159,1.15,2017-09-12,18:13:54
113,running,2017-09-09 08:30:30,False,Dennis Running,3.14,330,26:16,160,178,3.0,162,195,8:22,4:27,65,68,1.19,2017-09-09,08:30:30
114,running,2017-09-08 10:00:45,False,Dennis Running,6.01,683,52:44,165,185,4.0,163,201,8:47,4:10,119,126,1.12,2017-09-08,10:00:45
115,running,2017-09-05 17:50:39,False,Washington Running,6.16,653,52:30,161,189,3.6,160,170,8:31,6:55,106,118,1.18,2017-09-05,17:50:39
116,running,2017-09-01 15:49:21,False,Washington Running,18.02,"1,643",2:39:28,157,184,3.3,162,249,8:51,7:37,436,446,1.12,2017-09-01,15:49:21
117,running,2017-08-31 18:21:16,False,Washington Running,6.02,582,54:27,147,173,2.9,161,170,9:03,6:44,96,94,1.11,2017-08-31,18:21:16
118,treadmill_running,2017-08-29 18:35:19,False,Treadmill,3.2,--,30:56,--,--,0.0,--,--,9:40,--,--,--,0.0,2017-08-29,18:35:19
119,running,2017-08-28 18:22:22,False,Washington Running,5.5,565,48:51,155,178,3.2,160,242,8:53,7:12,193,170,1.13,2017-08-28,18:22:22
120,running,2017-08-26 07:26:06,False,Quantico Running,7.48,824,1:00:02,177,193,5.0,163,187,8:02,5:08,472,465,1.23,2017-08-26,07:26:06
121,running,2017-08-24 18:07:56,False,Washington Running,1.59,156,14:09,147,168,2.2,160,225,8:53,7:07,13,55,1.14,2017-08-24,18:07:56
122,running,2017-08-23 18:16:38,False,Washington Running,6.02,640,54:00,158,176,3.4,160,183,8:58,7:32,157,153,1.12,2017-08-23,18:16:38
123,treadmill_running,2017-08-21 18:32:00,False,Treadmill Running,2.0,--,19:00,--,--,0.0,--,--,9:30,--,--,--,0.0,2017-08-21,18:32:00
124,running,2017-08-19 08:20:51,False,Washington Running,16.15,"1,756",2:24:22,169,188,4.6,161,172,8:56,7:32,304,294,1.12,2017-08-19,08:20:51
125,running,2017-08-14 18:38:14,False,Washington Running,6.01,649,49:57,169,192,4.1,163,180,8:18,7:36,149,149,1.19,2017-08-14,18:38:14
126,running,2017-08-12 11:39:54,False,Hyde Park Running,10.15,"1,085",1:34:19,159,181,3.4,162,246,9:18,8:03,314,327,1.07,2017-08-12,11:39:54
127,running,2017-08-09 18:24:47,False,Washington Running,5.02,519,46:11,151,172,3.0,160,173,9:12,8:29,96,87,1.09,2017-08-09,18:24:47
128,running,2017-08-08 18:23:10,False,Washington Running,7.02,700,59:23,159,180,3.5,161,241,8:28,7:40,104,115,1.18,2017-08-08,18:23:10
129,running,2017-08-06 09:15:46,False,Washington Running,16.03,"1,437",2:23:41,154,182,3.2,162,245,8:58,6:47,400,408,1.11,2017-08-06,09:15:46
130,treadmill_running,2017-08-04 11:58:10,False,Treadmill Running,6.2,610,51:17,160,183,3.7,161,168,8:16,8:19,--,--,1.08,2017-08-04,11:58:10
131,running,2017-08-03 12:30:33,False,Washington Running,5.02,587,45:33,169,187,4.0,160,246,9:04,7:20,90,85,1.11,2017-08-03,12:30:33
132,running,2017-08-01 18:44:39,False,Washington Running,5.51,535,49:31,150,177,3.1,160,245,8:59,7:46,117,109,1.12,2017-08-01,18:44:39
133,running,2017-07-28 07:01:54,False,Conway Running,4.06,487,38:13,167,191,3.6,160,241,9:25,8:24,575,567,1.07,2017-07-28,07:01:54
134,running,2017-07-26 18:42:18,False,Washington Running,6.02,635,51:37,165,181,3.7,161,243,8:35,7:27,94,92,1.17,2017-07-26,18:42:18
135,running,2017-07-24 18:38:04,False,Washington Running,5.08,585,48:07,163,183,3.5,161,170,9:28,8:02,72,75,1.06,2017-07-24,18:38:04
136,running,2017-07-22 07:27:40,False,Washington Running,10.01,"1,136",1:36:17,162,185,3.8,161,248,9:37,7:13,127,121,1.04,2017-07-22,07:27:40
137,running,2017-07-17 18:29:28,False,Washington Running,6.02,653,54:11,159,183,3.4,160,245,9:00,6:53,146,137,1.11,2017-07-17,18:29:28
138,running,2017-07-15 07:34:30,False,Washington Running,14.02,"1,579",2:07:38,168,191,4.3,162,197,9:06,7:58,392,399,1.09,2017-07-15,07:34:30
139,treadmill_running,2017-07-13 18:08:11,False,Treadmill Running,4.02,423,36:48,152,173,3.1,160,166,9:09,8:21,--,--,1.1,2017-07-13,18:08:11
140,treadmill_running,2017-07-11 18:08:34,False,Treadmill Running,3.03,311,28:24,146,160,2.6,160,166,9:23,8:30,--,--,1.07,2017-07-11,18:08:34
141,running,2017-07-10 18:43:29,False,Washington Running,6.63,691,57:59,160,175,3.5,163,174,8:45,7:47,196,196,1.13,2017-07-10,18:43:29
142,running,2017-07-08 10:18:34,False,Washington Running,12.01,"1,327",1:53:19,162,201,3.5,162,245,9:26,7:36,241,248,1.05,2017-07-08,10:18:34
143,running,2017-07-06 17:26:18,False,Washington Running,4.25,449,36:46,159,179,3.2,162,170,8:39,7:05,85,93,1.15,2017-07-06,17:26:18
144,running,2017-07-05 17:40:38,False,Washington Running,5.02,535,45:31,156,178,3.1,163,174,9:04,7:47,79,82,1.09,2017-07-05,17:40:38
145,running,2017-07-03 14:32:34,False,Southwick Running,6.01,671,53:11,163,181,3.8,163,168,8:51,8:26,310,320,1.12,2017-07-03,14:32:34
146,running,2017-06-30 06:17:58,False,Quincy Running,5.02,552,44:43,160,188,3.5,164,173,8:55,8:02,33,39,1.1,2017-06-30,06:17:58
147,running,2017-06-28 12:28:03,False,Washington Running,5.52,654,50:17,164,185,3.7,163,187,9:07,7:54,146,159,1.08,2017-06-28,12:28:03
148,running,2017-06-27 18:06:09,False,Washington Running,5.02,544,45:41,154,175,3.2,163,173,9:06,7:11,81,87,1.08,2017-06-27,18:06:09
149,running,2017-06-23 10:07:26,False,San Diego Running,4.01,369,36:33,143,176,2.2,162,185,9:07,7:37,506,790,1.09,2017-06-23,10:07:26
150,running,2017-06-22 11:13:17,False,San Diego Running,7.76,775,1:11:04,153,175,3.1,164,170,9:09,7:55,97,97,1.07,2017-06-22,11:13:17
151,running,2017-06-20 17:51:19,False,Washington Running,4.01,451,35:47,163,177,3.3,164,172,8:56,8:06,234,98,1.1,2017-06-20,17:51:19
152,running,2017-06-17 08:06:58,False,Washington Running,11.01,"1,077",1:42:19,156,175,3.3,165,247,9:18,8:00,375,384,1.05,2017-06-17,08:06:58
153,running,2017-06-15 18:36:27,False,Washington Running,4.51,489,39:21,165,178,3.4,164,181,8:44,7:45,88,90,1.12,2017-06-15,18:36:27
154,running,2017-06-14 07:39:27,False,Washington Running,5.01,570,47:08,161,182,3.5,163,235,9:25,8:09,82,81,1.05,2017-06-14,07:39:27
155,running,2017-06-12 18:37:59,False,Washington Running,5.34,627,47:08,172,186,4.0,163,176,8:49,6:40,117,117,1.12,2017-06-12,18:37:59
156,running,2017-06-10 09:09:20,False,Washington Running,8.02,845,1:11:06,161,186,3.8,165,174,8:52,7:36,219,373,1.1,2017-06-10,09:09:20
157,running,2017-06-08 18:42:22,False,Washington Running,6.05,652,52:46,164,179,3.7,164,249,8:43,7:19,142,139,1.13,2017-06-08,18:42:22
158,running,2017-06-06 18:46:38,False,Washington Running,4.8,510,44:52,154,172,3.1,161,170,9:21,7:39,114,119,1.07,2017-06-06,18:46:38
159,running,2017-06-05 18:27:57,False,Washington Running,5.01,506,44:48,156,172,3.2,162,245,8:56,6:57,84,76,1.11,2017-06-05,18:27:57
160,running,2017-06-03 11:42:39,False,Washington Running,11.01,"1,198",1:43:35,164,185,4.0,163,225,9:24,7:06,368,368,1.05,2017-06-03,11:42:39
161,running,2017-06-01 18:38:06,False,Washington Running,5.74,711,53:37,172,188,4.2,163,184,9:20,8:07,169,171,1.05,2017-06-01,18:38:06
162,running,2017-05-30 17:13:29,False,Washington Running,5.02,522,47:33,150,175,3.0,161,178,9:28,7:44,86,78,1.06,2017-05-30,17:13:29
163,running,2017-05-28 10:11:09,False,Dickerson Running,6.66,939,3:21:21,109,154,1.4,109,158,30:14,16:14,"1,928","2,017",0.49,2017-05-28,10:11:09
164,running,2017-05-27 12:50:56,False,Washington Running,10.01,"1,009",1:34:44,155,186,3.2,162,243,9:28,7:19,119,119,1.05,2017-05-27,12:50:56
165,running,2017-05-25 18:28:42,False,Washington Running,4.75,504,42:38,157,174,3.2,161,173,8:59,7:51,80,80,1.12,2017-05-25,18:28:42
166,running,2017-05-23 12:05:01,False,Washington Running,4.02,415,38:00,151,177,2.9,161,170,9:26,7:33,61,80,1.06,2017-05-23,12:05:01
167,running,2017-05-20 17:46:13,False,Washington Running,7.53,768,1:11:14,154,173,3.1,163,172,9:28,7:44,174,183,1.04,2017-05-20,17:46:13
168,running,2017-05-18 06:47:11,False,Washington Running,5.01,556,44:10,166,183,3.7,163,191,8:49,7:28,126,146,0.0,2017-05-18,06:47:11
169,running,2017-05-17 06:53:57,False,Washington Running,4.01,449,37:35,158,193,3.4,162,170,9:22,8:19,62,75,0.0,2017-05-17,06:53:57
170,running,2017-05-15 17:42:20,False,Washington Running,6.07,646,56:50,157,180,3.4,162,176,9:22,7:10,292,257,0.0,2017-05-15,17:42:20
171,running,2017-05-14 10:40:33,False,Washington Running,8.01,888,1:15:08,159,186,4.0,163,193,9:23,5:34,233,242,0.0,2017-05-14,10:40:33
172,running,2017-05-12 11:59:15,False,Washington Running,5.01,521,43:55,160,188,3.5,162,184,8:46,7:35,75,84,0.0,2017-05-12,11:59:15
173,running,2017-05-09 12:04:43,False,Washington Running,4.44,468,41:14,155,180,3.3,162,170,9:17,7:25,67,83,0.0,2017-05-09,12:04:43
174,running,2017-05-04 12:28:42,False,Washington Running,5.05,567,47:39,159,180,3.5,162,245,9:26,8:09,79,90,1.06,2017-05-04,12:28:42
175,running,2017-05-02 12:05:35,False,Washington Running,4.02,423,36:10,158,180,3.3,162,170,9:00,8:06,62,82,1.1,2017-05-02,12:05:35
176,running,2017-04-30 12:46:18,False,Washington Running,6.21,697,58:13,161,186,3.7,163,191,9:23,8:13,100,106,1.05,2017-04-30,12:46:18
177,running,2017-04-28 18:20:39,False,Washington Running,5.52,602,49:23,162,182,3.7,162,180,8:57,8:02,140,146,1.11,2017-04-28,18:20:39
178,running,2017-04-27 18:22:17,False,Washington Running,5.01,560,46:08,161,178,3.7,162,170,9:12,8:16,78,86,1.08,2017-04-27,18:22:17
179,running,2017-04-25 18:41:44,False,Washington Running,4.27,480,38:43,163,183,3.6,161,166,9:04,7:56,57,65,1.1,2017-04-25,18:41:44
180,running,2017-04-22 09:47:43,False,Washington Running,10.29,"1,060",1:40:10,155,181,3.5,165,189,9:44,7:41,963,921,1.0,2017-04-22,09:47:43
181,running,2017-04-20 18:13:35,False,Washington Running,4.05,436,38:11,154,177,3.2,162,170,9:25,7:36,61,73,1.05,2017-04-20,18:13:35
182,running,2017-04-18 18:07:05,False,Washington Running,4.03,423,36:18,157,180,3.3,161,170,9:01,7:35,59,69,1.11,2017-04-18,18:07:05
183,running,2017-04-16 18:03:47,False,Washington Running,6.02,647,55:27,159,180,3.6,162,235,9:13,7:32,101,96,1.08,2017-04-16,18:03:47
184,running,2017-04-14 17:20:18,False,Washington Running,2.01,216,18:17,159,186,2.9,160,170,9:07,8:20,143,36,1.1,2017-04-14,17:20:18
185,running,2017-04-12 17:54:57,False,Washington Running,4.03,454,37:34,162,187,3.5,161,170,9:19,7:58,107,118,1.07,2017-04-12,17:54:57
186,running,2017-04-11 18:14:35,False,Washington Running,3.64,423,33:42,165,187,3.6,162,168,9:15,7:49,97,110,1.08,2017-04-11,18:14:35
187,running,2017-04-09 10:52:00,False,Washington Running,5.51,593,51:43,157,176,3.5,165,241,9:23,8:17,113,142,1.04,2017-04-09,10:52:00
188,running,2017-04-07 16:10:41,False,Washington Running,3.11,320,30:03,148,175,2.8,161,249,9:40,7:40,105,118,1.03,2017-04-07,16:10:41
189,running,2017-04-05 17:44:31,False,Washington Running,4.02,505,43:46,152,172,3.3,160,170,10:53,9:04,126,126,0.93,2017-04-05,17:44:31
190,running,2017-04-02 07:48:05,False,Washington Running,10.14,"1,148",1:32:28,162,182,4.1,165,183,9:07,5:12,168,163,1.07,2017-04-02,07:48:05
191,running,2017-03-30 17:40:40,False,Washington Running,3.12,325,27:24,153,178,3.0,161,172,8:46,7:40,48,69,1.14,2017-03-30,17:40:40
192,running,2017-03-28 12:39:47,False,Washington Running,3.11,337,27:23,160,186,3.3,161,227,8:48,7:56,100,109,1.14,2017-03-28,12:39:47
193,running,2017-03-25 10:56:30,False,Southwick Running,6.21,699,54:03,167,187,4.3,163,170,8:42,7:39,323,340,1.13,2017-03-25,10:56:30
194,running,2017-03-22 18:06:16,False,Washington Running,4.02,443,35:48,160,191,3.5,162,185,8:55,1:03,119,128,1.12,2017-03-22,18:06:16
195,running,2017-03-19 15:05:07,False,Washington Running,4.04,437,36:20,155,176,3.3,161,170,8:59,3:28,147,129,1.11,2017-03-19,15:05:07
196,running,2017-03-17 12:13:00,False,Washington Running,3.25,362,28:55,161,186,3.2,162,246,8:54,7:22,115,110,1.11,2017-03-17,12:13:00
197,running,2017-03-11 08:36:41,False,Washington Running,13.29,"1,450",1:48:00,176,194,5.0,166,176,8:08,7:18,641,608,1.19,2017-03-11,08:36:41
198,running,2017-03-08 17:38:43,False,Washington Running,2.01,214,17:59,156,185,2.7,161,168,8:57,7:45,35,49,1.12,2017-03-08,17:38:43
199,running,2017-03-06 12:56:55,False,Washington Running,3.17,328,26:27,164,188,3.3,162,181,8:20,7:33,102,111,1.19,2017-03-06,12:56:55
200,running,2017-03-04 12:05:15,False,Washington Running,6.51,732,1:00:23,164,188,3.8,165,179,9:16,6:03,223,210,1.06,2017-03-04,12:05:15
201,running,2017-02-25 09:33:50,False,Washington Running,11.2,"1,155",1:42:52,160,190,3.7,164,246,9:11,7:29,374,373,1.07,2017-02-25,09:33:50
202,running,2017-02-23 17:37:38,False,Washington Running,4.01,448,37:56,159,187,3.4,161,184,9:27,8:33,106,136,1.06,2017-02-23,17:37:38
203,running,2017-02-21 17:41:39,False,Washington Running,5.01,522,44:29,157,180,3.5,162,238,8:53,6:45,131,137,1.12,2017-02-21,17:41:39
205,running,2017-02-18 11:04:53,False,Washington Running,11.11,"1,123",1:41:23,155,183,4.0,164,184,9:08,7:36,357,365,1.07,2017-02-18,11:04:53
206,running,2017-02-16 17:19:58,False,Washington Running,3.1,383,35:41,153,185,3.0,149,181,11:31,5:34,158,160,0.94,2017-02-16,17:19:58
207,running,2017-02-14 17:18:55,False,Washington Running,5.31,598,48:21,163,179,4.2,162,172,9:06,7:33,139,146,1.09,2017-02-14,17:18:55
208,running,2017-02-12 14:03:18,False,Washington Running,6.31,687,58:24,159,178,4.0,162,235,9:16,7:10,147,160,1.07,2017-02-12,14:03:18
209,running,2017-02-11 11:18:58,False,Washington Running,4.37,508,39:55,167,186,4.3,162,245,9:09,7:35,268,142,1.09,2017-02-11,11:18:58
210,running,2017-02-07 17:04:25,False,Washington Running,4.51,565,43:36,166,181,4.2,161,241,9:40,8:02,120,129,1.04,2017-02-07,17:04:25
211,running,2017-02-04 12:14:46,False,Washington Running,10.02,"1,178",1:38:39,158,193,4.1,164,191,9:51,6:11,303,336,0.99,2017-02-04,12:14:46
212,running,2017-02-01 18:25:04,False,Washington Running,3.12,366,28:50,159,184,3.5,162,245,9:14,7:06,52,61,1.08,2017-02-01,18:25:04
213,running,2017-01-28 16:18:11,False,Washington Running,4.7,544,42:24,159,181,3.9,163,180,9:01,7:33,142,150,1.1,2017-01-28,16:18:11
214,running,2017-01-24 18:19:29,False,Washington Running,4.03,463,34:47,164,187,3.9,163,177,8:37,6:56,60,68,1.15,2017-01-24,18:19:29
215,running,2017-01-22 11:29:35,False,Washington Running,5.02,569,42:22,165,186,4.1,164,174,8:26,7:27,68,86,1.16,2017-01-22,11:29:35
216,running,2017-01-18 17:55:17,False,Washington Running,4.01,450,36:17,155,180,3.5,162,176,9:03,6:12,62,79,1.1,2017-01-18,17:55:17
217,running,2017-01-15 10:47:11,False,Washington Running,10.44,"1,220",1:43:48,154,179,3.3,164,174,9:56,7:29,455,467,0.99,2017-01-15,10:47:11
218,running,2017-01-10 18:41:25,False,Washington Running,2.49,279,22:08,149,174,2.8,163,170,8:54,8:10,23,66,1.11,2017-01-10,18:41:25
219,running,2017-01-08 09:05:51,False,Washington Running,7.08,750,1:01:24,151,173,3.6,166,172,8:41,7:16,106,121,1.12,2017-01-08,09:05:51
220,running,2017-01-05 18:24:31,False,Washington Running,4.02,429,35:02,151,178,3.2,163,245,8:43,7:40,79,69,1.13,2017-01-05,18:24:31
221,running,2017-01-04 18:31:41,False,Washington Running,3.5,400,30:14,160,185,3.5,163,187,8:39,4:53,52,62,1.14,2017-01-04,18:31:41
222,running,2017-01-02 10:49:30,False,Washington Running,3.12,321,25:33,155,186,3.3,165,183,8:11,5:40,48,57,1.19,2017-01-02,10:49:30
223,running,2016-12-30 10:32:47,False,Hyde Park Running,3.51,392,29:21,164,184,3.7,167,176,8:22,7:41,107,106,1.15,2016-12-30,10:32:47
224,running,2016-12-28 12:46:02,False,Southwick Running,2.25,233,18:28,159,177,3.0,167,249,8:13,6:14,40,42,1.17,2016-12-28,12:46:02
225,running,2016-12-27 14:37:06,False,Southwick Running,3.11,346,26:27,162,184,3.5,164,174,8:30,8:11,124,119,1.15,2016-12-27,14:37:06
226,running,2016-12-25 13:39:25,False,Sandwich Running,6.02,689,51:51,165,186,4.4,167,187,8:37,4:55,20,20,1.12,2016-12-25,13:39:25
227,running,2016-12-24 09:07:43,False,East Sandwich Running,3.71,392,32:52,151,182,3.3,165,173,8:52,8:21,226,229,1.1,2016-12-24,09:07:43
228,running,2016-12-20 17:41:32,False,Washington Running,3.11,330,27:14,154,185,3.3,162,172,8:45,7:10,49,60,1.13,2016-12-20,17:41:32
229,running,2016-12-18 16:53:29,False,Washington Running,4.25,464,39:10,153,194,3.7,163,176,9:12,7:56,78,101,1.07,2016-12-18,16:53:29
230,running,2016-12-13 17:39:02,False,Washington Running,3.11,378,29:32,160,178,3.4,162,241,9:30,7:10,61,57,1.05,2016-12-13,17:39:02
231,running,2016-12-11 12:30:12,False,Washington Running,4.01,421,36:20,151,175,3.3,163,179,9:04,6:54,57,60,1.09,2016-12-11,12:30:12
232,running,2016-12-10 12:42:58,False,Washington Running,3.11,340,27:14,161,185,3.6,164,173,8:45,8:00,45,57,1.12,2016-12-10,12:42:58
233,running,2016-12-07 18:16:29,False,Washington Running,3.11,376,30:47,157,184,3.5,161,181,9:54,7:55,49,57,1.01,2016-12-07,18:16:29
234,running,2016-11-30 11:48:40,False,Washington Running,3.13,359,27:12,166,193,3.7,163,170,8:42,8:07,50,66,1.14,2016-11-30,11:48:40
235,running,2016-11-28 18:07:22,False,Hyde Park Running,3.11,354,27:33,163,188,3.7,164,170,8:51,7:55,90,103,1.11,2016-11-28,18:07:22
236,running,2016-11-27 16:28:28,False,Hyde Park Running,3.01,352,26:40,167,190,3.7,165,174,8:52,7:56,95,94,1.1,2016-11-27,16:28:28
237,running,2016-11-24 08:01:56,False,Turkey Trot,3.12,265,23:37,150,195,3.1,169,183,7:35,6:00,140,141,1.26,2016-11-24,08:01:56
238,running,2016-11-22 07:22:34,False,Washington Running,3.11,305,28:13,149,185,3.3,164,174,9:05,7:41,58,65,1.08,2016-11-22,07:22:34
239,running,2016-11-19 10:47:25,False,Philadelphia Marathon - Rothman 8k,5.05,589,42:23,179,198,5.0,165,191,8:23,4:32,126,113,1.16,2016-11-19,10:47:25
240,running,2016-11-15 07:16:39,False,Washington Running,3.13,346,27:16,166,185,3.9,164,172,8:42,7:12,42,52,1.13,2016-11-15,07:16:39
241,running,2016-11-08 17:47:00,False,Washington Running,3.13,351,27:26,168,189,4.1,163,179,8:45,7:05,45,55,1.13,2016-11-08,17:47:00
242,running,2016-11-05 15:48:43,False,Washington Running,3.11,334,28:02,160,187,3.8,162,170,9:01,7:44,52,55,1.1,2016-11-05,15:48:43
243,running,2016-11-01 17:55:31,False,Washington Running,3.11,316,27:02,155,193,3.6,162,245,8:41,7:41,42,52,1.14,2016-11-01,17:55:31
245,running,2016-10-28 18:03:36,False,Washington Running,2.34,239,20:12,157,185,3.2,163,175,8:37,6:18,39,47,1.15,2016-10-28,18:03:36
246,running,2016-10-22 13:14:32,False,Washington Running,2.03,241,21:22,151,175,3.0,163,172,10:32,8:19,36,46,0.94,2016-10-22,13:14:32
247,running,2016-10-18 08:10:27,False,Washington Running,2.01,230,18:27,163,184,3.3,161,176,9:12,7:44,35,47,1.08,2016-10-18,08:10:27
248,running,2016-10-16 19:17:18,False,Washington Running,2.39,276,22:27,160,178,3.6,161,168,9:24,7:05,39,51,1.06,2016-10-16,19:17:18
249,running,2016-10-14 12:40:57,False,Washington Running,2.3,241,21:43,147,188,3.1,162,172,9:27,7:18,62,56,1.05,2016-10-14,12:40:57
250,running,2016-10-10 17:48:25,False,Washington Running,3.17,365,30:03,159,182,4.1,162,243,9:29,7:50,45,55,1.05,2016-10-10,17:48:25
251,running,2016-10-09 19:19:49,False,Washington Running,2.35,265,22:46,154,183,3.5,161,235,9:40,8:23,47,48,1.03,2016-10-09,19:19:49
252,running,2016-10-08 09:01:10,False,Southwick Running,2.22,270,21:02,166,190,3.8,163,168,9:28,9:04,120,111,1.04,2016-10-08,09:01:10
253,running,2016-10-04 12:10:29,False,Washington Running,2.01,246,18:51,164,196,3.8,162,168,9:24,6:18,36,42,1.06,2016-10-04,12:10:29
254,running,2016-09-25 12:53:04,False,Washington Running,4.09,398,1:49:35,92,149,1.3,115,157,26:48,9:01,93,90,0.52,2016-09-25,12:53:04
255,running,2016-09-23 18:11:34,False,Washington Running,2.0,236,19:01,159,187,3.5,161,168,9:29,7:49,30,40,1.05,2016-09-23,18:11:34
256,running,2016-09-21 17:15:02,False,Washington Running,2.01,264,19:40,159,185,3.3,162,178,9:48,6:11,33,43,1.01,2016-09-21,17:15:02
257,running,2016-06-15 06:41:09,False,Washington Running,2.31,291,21:24,--,--,0.0,160,170,9:17,1:35,25,41,1.08,2016-06-15,06:41:09
258,running,2016-06-02 06:55:54,False,Washington Running,2.0,258,18:43,--,--,0.0,161,169,9:22,4:28,33,34,1.07,2016-06-02,06:55:54
259,running,2016-05-31 18:39:00,False,Running,2.02,254,19:00,--,--,0.0,160,169,9:23,8:00,--,--,1.07,2016-05-31,18:39:00
260,running,2016-05-30 15:02:48,False,Running,1.08,136,10:28,--,--,0.0,161,168,9:41,8:00,--,--,1.03,2016-05-30,15:02:48
262,running,2016-05-30 14:12:12,False,Running,1.12,139,10:28,--,--,0.0,155,164,9:23,7:04,--,--,1.11,2016-05-30,14:12:12
263,running,2016-05-21 08:30:00,False,Washington Running,3.19,403,29:38,--,--,0.0,165,172,9:18,1:53,--,--,1.05,2016-05-21,08:30:00
264,running,2016-03-28 17:41:14,False,Washington Running,3.5,440,31:52,--,--,0.0,161,174,9:07,3:41,39,55,1.1,2016-03-28,17:41:14
265,running,2016-03-27 16:17:57,False,Washington Running,5.01,627,46:51,--,--,0.0,162,179,9:21,7:25,63,68,1.06,2016-03-27,16:17:57
266,running,2016-03-24 18:06:24,False,Washington Running,3.5,444,34:03,--,--,0.0,157,170,9:44,4:36,35,56,1.05,2016-03-24,18:06:24
267,running,2016-03-23 12:47:11,False,Washington Running,3.5,444,35:12,--,--,0.0,156,168,10:04,7:27,42,64,1.02,2016-03-23,12:47:11
268,running,2016-03-21 19:11:42,False,Washington Running,0.55,77,6:13.7,--,--,0.0,141,170,11:18,5:15,21,--,1.01,2016-03-21,19:11:42
269,running,2016-03-21 18:50:12,False,Washington Running,2.22,279,21:19,--,--,0.0,156,170,9:36,6:40,12,15,1.07,2016-03-21,18:50:12
270,running,2016-03-21 18:36:18,False,Washington Running,0.93,122,8:59.4,--,--,0.0,152,167,9:40,1:41,--,26,1.1,2016-03-21,18:36:18
271,running,2016-03-19 10:01:52,False,Washington Running,3.01,380,29:43,--,--,0.0,163,172,9:52,4:28,17,64,1.0,2016-03-19,10:01:52
272,running,2016-03-12 07:40:05,False,Washington Running,13.31,"1,666",1:57:26,--,--,0.0,165,174,8:49,5:05,527,498,1.11,2016-03-12,07:40:05
273,running,2016-03-09 12:26:36,False,Washington Running,3.01,386,28:12,--,--,0.0,160,170,9:23,3:21,45,48,1.08,2016-03-09,12:26:36
274,running,2016-03-05 14:28:44,False,Washington Running,10.0,"1,259",1:31:22,--,--,0.0,162,172,9:08,4:59,148,156,1.08,2016-03-05,14:28:44
275,running,2016-03-03 12:42:00,False,Washington Running,5.0,632,44:11,--,--,0.0,163,174,8:50,3:14,46,37,1.12,2016-03-03,12:42:00
276,running,2016-02-25 18:50:10,False,Running,3.33,416,29:57,--,--,0.0,159,163,9:00,8:03,--,--,1.13,2016-02-25,18:50:10
277,running,2016-02-24 12:52:45,False,Untitled,4.43,553,40:29,--,--,0.0,157,164,9:08,8:24,--,--,1.12,2016-02-24,12:52:45
278,running,2016-02-19 17:43:47,False,Washington Running,4.01,500,36:30,--,--,0.0,162,172,9:06,6:22,79,15,1.09,2016-02-19,17:43:47
279,running,2016-02-17 17:38:14,False,Untitled,2.02,252,17:46,--,--,0.0,160,166,8:47,7:10,--,--,1.14,2016-02-17,17:38:14
280,running,2016-02-15 13:54:08,False,Untitled,8.77,"1,094",1:20:18,--,--,0.0,159,167,9:09,7:59,--,--,1.1,2016-02-15,13:54:08
281,running,2016-02-11 19:15:21,False,Washington Running,4.0,503,36:36,--,--,0.0,157,188,9:09,3:01,33,39,1.12,2016-02-11,19:15:21
282,running,2016-02-05 18:30:54,False,Untitled,2.13,257,20:20,--,--,0.0,152,170,9:32,7:18,--,--,1.11,2016-02-05,18:30:54
283,running,2016-02-04 19:06:46,False,Washington Running,3.77,463,36:14,--,--,0.0,153,214,9:37,4:10,55,49,1.09,2016-02-04,19:06:46
284,running,2016-01-31 14:25:04,False,Washington Running,3.01,389,27:49,--,--,0.0,157,174,9:14,2:36,50,33,1.11,2016-01-31,14:25:04
285,running,2016-01-30 14:49:56,False,Washington Running,6.01,760,58:36,--,--,0.0,160,175,9:45,8:04,117,88,1.03,2016-01-30,14:49:56
286,running,2016-01-28 19:55:12,False,Washington Running,1.19,140,14:36,--,--,0.0,123,174,12:18,5:40,52,--,1.07,2016-01-28,19:55:12
287,running,2016-01-28 19:35:15,False,Washington Running,1.05,128,7:23.2,--,--,0.0,168,181,7:04,5:36,1,--,1.36,2016-01-28,19:35:15
288,running,2016-01-27 12:28:28,False,Untitled,3.29,411,29:41,--,--,0.0,155,165,9:02,8:13,--,--,1.15,2016-01-27,12:28:28
289,running,2016-01-24 16:55:35,False,Untitled,6.82,852,1:00:03,--,--,0.0,159,168,8:48,7:16,--,--,1.15,2016-01-24,16:55:35
290,running,2016-01-23 18:54:31,False,Untitled,3.2,400,27:03,--,--,0.0,161,164,8:27,7:46,--,--,1.19,2016-01-23,18:54:31
291,running,2016-01-21 18:34:30,False,Untitled,3.42,427,29:28,--,--,0.0,160,165,8:37,7:58,--,--,1.17,2016-01-21,18:34:30
292,running,2016-01-18 18:53:02,False,Untitled,3.41,425,30:01,--,--,0.0,160,163,8:48,8:23,--,--,1.14,2016-01-18,18:53:02
293,running,2016-01-17 12:58:30,False,Untitled,5.7,712,50:19,--,--,0.0,160,165,8:50,8:03,--,--,1.14,2016-01-17,12:58:30
294,running,2016-01-14 18:30:59,False,Untitled,3.49,436,30:06,--,--,0.0,159,163,8:37,8:00,--,--,1.17,2016-01-14,18:30:59
295,running,2016-01-09 13:14:23,False,Untitled,4.81,601,42:00,--,--,0.0,159,165,8:44,7:55,--,--,1.16,2016-01-09,13:14:23
296,running,2016-01-07 17:42:11,False,Untitled,3.48,435,30:08,--,--,0.0,159,165,8:39,7:56,--,--,1.17,2016-01-07,17:42:11
297,running,2016-01-04 18:57:41,False,Untitled,3.6,435,34:24,--,--,0.0,152,166,9:33,7:54,--,--,1.11,2016-01-04,18:57:41
298,running,2016-01-02 17:09:04,False,Untitled,3.54,442,30:58,--,--,0.0,160,170,8:45,7:56,--,--,1.15,2016-01-02,17:09:04
299,running,2015-12-25 12:50:04,False,East Sandwich Running,2.08,257,18:13,--,--,0.0,161,170,8:46,7:45,55,57,1.14,2015-12-25,12:50:04
300,running,2015-11-26 08:03:58,False,Sandwich Running,3.1,388,25:33,--,--,0.0,164,172,8:14,7:03,88,91,1.19,2015-11-26,08:03:58
301,running,2015-10-31 14:24:20,False,Washington Running,6.0,759,52:21,--,--,0.0,163,169,8:43,5:51,72,89,1.13,2015-10-31,14:24:20
302,running,2015-10-29 17:30:56,False,Washington Running,3.72,472,33:01,--,--,0.0,163,170,8:53,7:22,35,37,1.12,2015-10-29,17:30:56
303,running,2015-10-27 08:10:27,False,Untitled,3.13,389,26:58,--,--,0.0,161,168,8:37,7:40,--,--,1.16,2015-10-27,08:10:27
304,running,2015-10-25 12:29:04,False,Washington Running,4.01,506,36:28,--,--,0.0,161,168,9:06,6:50,666,581,1.1,2015-10-25,12:29:04
305,running,2015-10-17 12:05:32,False,Washington Running,4.15,536,36:54,--,--,0.0,159,170,8:53,3:04,55,59,1.14,2015-10-17,12:05:32
306,running,2015-10-15 18:06:43,False,Washington Running,4.09,529,36:47,--,--,0.0,160,169,9:00,4:31,56,66,1.12,2015-10-15,18:06:43
307,running,2015-10-11 08:33:52,False,Arlington Running,10.16,"1,273",1:29:32,--,--,0.0,164,184,8:49,6:24,146,144,1.12,2015-10-11,08:33:52
308,running,2015-10-06 18:15:47,False,Untitled,5.92,741,50:28,--,--,0.0,160,165,8:31,7:56,--,--,1.18,2015-10-06,18:15:47
309,running,2015-10-01 17:39:02,False,Untitled,5.88,736,50:05,--,--,0.0,160,170,8:31,7:34,--,--,1.18,2015-10-01,17:39:02
310,running,2015-09-27 14:21:04,False,Untitled,7.22,904,1:00:33,--,--,0.0,160,168,8:24,6:53,--,--,1.2,2015-09-27,14:21:04
311,running,2015-09-24 19:32:15,False,Untitled,3.56,446,30:39,--,--,0.0,160,165,8:36,7:44,--,--,1.17,2015-09-24,19:32:15
312,running,2015-09-23 17:35:39,False,Untitled,2.43,305,20:20,--,--,0.0,159,165,8:22,7:45,--,--,1.21,2015-09-23,17:35:39
313,running,2015-09-19 11:12:30,False,Untitled,6.44,806,55:10,--,--,0.0,161,172,8:34,7:47,--,--,1.17,2015-09-19,11:12:30
314,running,2015-09-17 12:28:30,False,Untitled,5.34,668,45:36,--,--,0.0,160,172,8:32,7:34,--,--,1.18,2015-09-17,12:28:30
315,running,2015-09-14 12:12:52,False,Untitled,4.54,568,39:02,--,--,0.0,160,166,8:36,7:22,--,--,1.17,2015-09-14,12:12:52
316,running,2015-09-12 09:03:54,False,Untitled,4.56,570,40:11,--,--,0.0,160,170,8:49,8:02,--,--,1.14,2015-09-12,09:03:54
317,running,2015-09-10 19:00:07,False,Untitled,3.44,429,30:10,--,--,0.0,159,165,8:47,8:00,--,--,1.15,2015-09-10,19:00:07
318,running,2015-08-30 14:20:03,False,Untitled,3.11,381,29:31,--,--,0.0,156,167,9:29,7:29,--,--,1.09,2015-08-30,14:20:03
319,running,2015-08-27 17:15:01,False,Untitled,3.21,405,29:49,--,--,0.0,159,166,9:17,7:11,--,--,1.09,2015-08-27,17:15:01
328,running,2015-08-20 18:51:35,False,Untitled,5.16,645,45:03,--,--,0.0,159,169,8:43,7:23,--,--,1.16,2015-08-20,18:51:35
329,running,2015-08-17 18:37:25,False,Untitled,4.62,579,40:50,--,--,0.0,160,165,8:50,7:46,--,--,1.14,2015-08-17,18:37:25
330,running,2015-08-16 17:56:59,False,Untitled,4.75,596,40:02,--,--,0.0,160,165,8:26,7:41,--,--,1.2,2015-08-16,17:56:59
331,running,2015-08-11 18:31:23,False,Untitled,2.42,302,20:22,--,--,0.0,159,165,8:24,7:05,--,--,1.2,2015-08-11,18:31:23
332,running,2015-08-10 19:04:32,False,Untitled,4.14,519,35:20,--,--,0.0,158,168,8:32,7:21,--,--,1.19,2015-08-10,19:04:32
333,running,2015-08-06 18:36:57,False,Washington Running,4.41,547,47:45,--,--,0.0,126,184,10:50,6:31,58,73,1.18,2015-08-06,18:36:57
334,running,2015-08-04 18:14:48,False,Untitled,1.53,183,18:19,--,--,0.0,124,163,11:57,7:36,--,--,1.08,2015-08-04,18:14:48
335,running,2015-08-03 18:21:24,False,Untitled,4.64,575,41:58,--,--,0.0,156,165,9:03,7:30,--,--,1.14,2015-08-03,18:21:24
336,running,2015-07-30 18:13:19,False,Untitled,3.73,466,35:05,--,--,0.0,154,170,9:24,7:54,--,--,1.11,2015-07-30,18:13:19
337,running,2015-07-29 18:08:38,False,Untitled,2.35,288,22:44,--,--,0.0,149,164,9:40,7:53,--,--,1.12,2015-07-29,18:08:38
338,running,2015-07-28 17:48:13,False,Untitled,3.51,438,35:08,--,--,0.0,142,165,10:01,6:51,--,--,1.13,2015-07-28,17:48:13
339,running,2015-07-26 18:32:48,False,Untitled,2.52,318,26:34,--,--,0.0,145,163,10:33,8:23,--,--,1.05,2015-07-26,18:32:48
340,running,2015-07-23 18:10:37,False,Untitled,3.1,388,30:02,--,--,0.0,156,163,9:42,8:36,--,--,1.07,2015-07-23,18:10:37
341,running,2015-07-22 20:43:22,False,Arlington Running,2.25,278,21:54,--,--,0.0,160,167,9:44,6:12,84,152,1.03,2015-07-22,20:43:22
342,running,2015-07-21 17:54:47,False,Untitled,3.48,431,35:54,--,--,0.0,145,163,10:19,8:29,--,--,1.07,2015-07-21,17:54:47
343,running,2015-07-19 11:50:19,False,Untitled,4.02,505,39:13,--,--,0.0,155,163,9:46,8:29,--,--,1.07,2015-07-19,11:50:19
344,running,2015-07-16 18:03:40,False,Arlington Running,3.01,377,28:42,--,--,0.0,161,167,9:32,6:43,117,155,1.05,2015-07-16,18:03:40
345,running,2015-05-20 18:15:14,False,Arlington Running,3.41,428,29:46,--,--,0.0,162,170,8:44,3:05,132,128,1.14,2015-05-20,18:15:14
346,running,2015-05-17 17:46:02,False,Arlington Running,3.42,428,30:03,--,--,0.0,161,168,8:47,7:40,154,149,1.14,2015-05-17,17:46:02
347,running,2015-05-14 12:54:20,False,Arlington Running,3.1,387,27:25,--,--,0.0,162,169,8:50,8:03,128,138,1.12,2015-05-14,12:54:20
348,running,2015-05-12 18:33:02,False,Washington Running,1.35,169,11:09,--,--,0.0,162,169,8:15,7:53,11,20,1.21,2015-05-12,18:33:02
349,running,2015-05-05 17:34:26,False,Arlington Running,1.09,134,9:37.7,--,--,0.0,159,167,8:52,8:20,74,44,1.14,2015-05-05,17:34:26
352,running,2015-04-10 19:15:31,False,Arlington Running,0.75,80,7:02.3,158,177,0.0,152,167,9:23,8:23,82,89,1.13,2015-04-10,19:15:31
355,running,2015-04-09 17:22:38,False,Arlington Running,4.23,456,33:35,--,--,0.0,18,128,7:56,2:45,141,168,11.58,2015-04-09,17:22:38
358,hiking,2015-03-07 13:00:30,False,Potomac Heritage Trail Hike,4.34,351,1:40:32,--,--,0.0,85,135,23:09,9:35,261,264,0.82,2015-03-07,13:00:30
360,running,2014-12-31 11:00:33,False,Portland Running,3.26,410,25:04,--,--,0.0,167,190,7:42,5:57,39,27,1.25,2014-12-31,11:00:33
361,running,2014-12-20 08:09:38,False,Arlington Running,6.3,775,59:02,--,--,0.0,158,172,9:22,5:56,432,437,1.09,2014-12-20,08:09:38
362,running,2014-12-16 19:08:19,False,Untitled,4.24,534,37:37,--,--,0.0,164,170,8:52,7:58,154,141,1.1,2014-12-16,19:08:19
363,running,2014-12-11 19:03:26,False,Untitled,4.06,508,36:32,--,--,0.0,162,172,8:59,6:28,193,196,1.1,2014-12-11,19:03:26
364,running,2014-12-11 18:41:30,False,Untitled,0.32,43,2:51.9,--,--,0.0,162,168,8:54,5:17,7,--,1.12,2014-12-11,18:41:30
365,running,2014-12-09 19:09:40,False,Untitled,4.61,554,41:08,--,--,0.0,163,180,8:55,3:46,197,203,1.11,2014-12-09,19:09:40
366,running,2014-11-29 14:26:38,False,Untitled,2.33,271,26:10,--,--,0.0,142,174,11:13,6:24,116,82,1.01,2014-11-29,14:26:38
367,running,2014-11-28 13:59:08,False,Untitled,2.5,318,23:29,--,--,0.0,163,170,9:23,5:04,73,12,1.05,2014-11-28,13:59:08
368,running,2014-11-23 16:44:34,False,Untitled,2.75,354,26:05,--,--,0.0,159,167,9:29,1:10,236,286,1.07,2014-11-23,16:44:34
369,running,2014-11-22 13:07:52,False,Untitled,1.17,147,11:24,--,--,0.0,162,169,9:43,7:51,--,28,1.02,2014-11-22,13:07:52
370,running,2014-11-20 19:07:58,False,Untitled,3.31,416,35:10,--,--,0.0,159,172,10:37,3:36,213,215,0.95,2014-11-20,19:07:58
371,running,2014-11-18 19:08:13,False,Untitled,4.27,530,41:13,--,--,0.0,163,172,9:39,7:51,178,159,1.02,2014-11-18,19:08:13
372,running,2014-11-17 22:41:03,False,Untitled,1.1,137,10:59,--,--,0.0,160,167,9:58,7:29,14,10,1.01,2014-11-17,22:41:03
373,running,2014-11-09 09:37:06,False,Untitled,2.85,360,29:43,--,--,0.0,160,174,10:26,6:31,178,164,0.96,2014-11-09,09:37:06
374,running,2014-11-08 18:44:15,False,Untitled,1.15,147,11:19,--,--,0.0,160,167,9:50,8:36,--,--,1.03,2014-11-08,18:44:15
375,running,2014-11-06 19:07:49,False,Untitled,4.15,519,47:44,--,--,0.0,160,169,11:30,8:33,311,314,0.87,2014-11-06,19:07:49
376,running,2014-11-04 19:19:43,False,First Fun Run,4.38,566,47:04,--,--,0.0,159,167,10:46,4:29,610,646,0.94,2014-11-04,19:19:43
377,street_running,2014-11-03 18:54:23,False,Untitled,2.52,--,25:23,--,--,0.0,--,--,10:05,1:49,146,165,0.0,2014-11-03,18:54:23
378,street_running,2014-11-02 19:07:19,False,Untitled,2.52,--,26:16,--,--,0.0,--,--,10:26,3:00,118,133,0.0,2014-11-02,19:07:19
386,hiking,2014-09-20 12:43:13,False,Untitled,4.37,378,1:42:37,--,--,0.0,83,184,23:28,5:26,429,461,0.83,2014-09-20,12:43:13
387,running,2014-09-08 17:42:13,False,Untitled,2.65,316,21:31,--,--,0.0,19,130,8:07,3:17,267,92,10.37,2014-09-08,17:42:13
390,running,2014-07-05 10:43:02,False,Untitled,3.56,450,36:01,--,--,0.0,161,166,10:07,9:15,20,18,0.99,2014-07-05,10:43:02
392,running,2014-06-16 18:31:57,False,Untitled,4.05,508,38:28,--,--,0.0,161,167,9:29,7:53,27,29,1.06,2014-06-16,18:31:57
393,running,2014-06-04 18:35:31,False,Untitled,3.72,476,38:52,--,--,0.0,160,167,10:26,8:30,30,30,0.96,2014-06-04,18:35:31
394,running,2014-06-02 18:38:02,False,Untitled,4.06,515,43:03,--,--,0.0,161,170,10:36,9:11,9,11,0.94,2014-06-02,18:38:02
395,running,2014-05-14 18:35:26,False,Untitled,3.78,484,31:48,--,--,0.0,163,169,8:24,3:34,27,30,1.17,2014-05-14,18:35:26
396,running,2014-05-12 18:33:32,False,Untitled,4.0,502,33:20,--,--,0.0,162,169,8:19,7:18,18,28,1.2,2014-05-12,18:33:32
397,running,2014-05-10 08:56:27,False,Untitled,3.15,394,24:52,--,--,0.0,163,188,7:54,4:46,3,--,1.25,2014-05-10,08:56:27
398,running,2014-05-05 09:25:38,False,Untitled,0.99,124,6:49.9,--,--,0.0,165,185,6:54,4:56,15,17,1.42,2014-05-05,09:25:38
399,running,2014-05-03 13:30:18,False,Untitled,3.11,385,26:37,--,--,0.0,161,167,8:33,7:42,10,10,1.17,2014-05-03,13:30:18
400,running,2014-04-21 18:27:52,False,Untitled,3.75,463,36:07,--,--,0.0,154,170,9:38,8:14,18,18,1.08,2014-04-21,18:27:52
401,running,2014-04-19 13:38:13,False,Untitled,2.75,346,25:02,--,--,0.0,182,190,9:07,7:22,673,889,0.97,2014-04-19,13:38:13
402,running,2014-04-19 10:00:31,False,Untitled,4.48,564,44:07,--,--,0.0,157,201,9:51,4:19,833,768,1.04,2014-04-19,10:00:31
403,running,2014-04-17 15:39:18,False,Untitled,2.38,286,22:52,--,--,0.0,153,180,9:37,2:03,381,518,1.09,2014-04-17,15:39:18
404,running,2014-04-13 15:53:19,False,Untitled,2.07,257,18:13,--,--,0.0,161,170,8:49,8:00,102,138,1.14,2014-04-13,15:53:19
405,running,2014-04-09 17:53:43,False,Untitled,2.41,272,26:15,--,--,0.0,144,170,10:54,7:06,151,156,1.02,2014-04-09,17:53:43
406,running,2014-04-06 13:35:51,False,Untitled,3.04,235,1:58:16,--,--,0.0,52,139,38:52,8:19,214,227,0.79,2014-04-06,13:35:51
407,running,2014-03-30 22:29:22,False,Untitled,2.78,344,30:49,--,--,0.0,140,171,11:06,8:36,--,--,1.04,2014-03-30,22:29:22
408,running,2014-03-27 18:39:45,False,Untitled,3.6,446,35:02,--,--,0.0,162,170,9:44,8:41,--,10,1.02,2014-03-27,18:39:45
409,running,2014-03-25 18:37:51,False,Untitled,3.62,441,35:02,--,--,0.0,162,172,9:40,8:32,--,10,1.03,2014-03-25,18:37:51
410,running,2014-03-15 13:08:16,False,Untitled,3.02,360,31:32,--,--,0.0,160,172,10:26,8:16,8,11,0.96,2014-03-15,13:08:16
411,running,2014-03-10 18:40:18,False,Untitled,2.77,323,29:03,--,--,0.0,153,171,10:30,8:27,19,17,1.0,2014-03-10,18:40:18
412,running,2014-03-08 14:05:24,False,Untitled,2.88,315,31:03,--,--,0.0,147,170,10:46,7:46,--,10,1.02,2014-03-08,14:05:24
413,running,2014-03-02 14:46:40,False,Untitled,2.72,292,30:44,--,--,0.0,146,167,11:17,8:41,--,--,0.98,2014-03-02,14:46:40
414,running,2014-02-23 16:41:11,False,Untitled,2.74,295,31:21,--,--,0.0,145,168,11:27,7:03,--,--,0.97,2014-02-23,16:41:11
415,running,2014-02-22 17:17:01,False,Untitled,1.96,202,28:02,--,--,0.0,133,167,14:17,9:01,--,--,0.85,2014-02-22,17:17:01
416,running,2014-02-11 17:14:58,False,Untitled,2.28,239,31:06,--,--,0.0,136,174,13:38,8:43,8,13,0.87,2014-02-11,17:14:58
417,running,2014-02-09 13:46:33,False,First Outside Run!,2.52,247,36:22,--,--,0.0,134,180,14:25,9:06,8,9,0.83,2014-02-09,13:46:33
418,running,2014-02-03 16:56:11,False,Untitled,0.99,91,16:29,--,--,0.0,134,163,16:35,3:19,--,--,0.73,2014-02-03,16:56:11
419,running,2014-02-01 18:32:36,False,Untitled,2.07,197,31:34,--,--,0.0,120,159,15:16,11:27,--,--,0.88,2014-02-01,18:32:36
420,running,2014-01-29 22:06:23,False,Untitled,1.7,169,23:20,--,--,0.0,130,170,13:43,9:49,--,--,0.9,2014-01-29,22:06:23
421,running,2012-10-14 12:34:05,False,Untitled,2.0,256,16:57,--,--,0.0,--,--,8:28,8:03,168,177,0.0,2012-10-14,12:34:05
422,running,2012-08-12 10:16:23,False,Falmouth Road Race,7.08,904,1:08:17,--,--,0.0,--,--,9:39,4:24,840,823,0.0,2012-08-12,10:16:23
423,running,2012-08-04 15:12:16,False,Untitled,1.5,193,11:58,--,--,0.0,--,--,7:59,7:13,45,33,0.0,2012-08-04,15:12:16
425,running,2012-07-12 19:06:20,False,Untitled,2.02,260,14:44,--,--,0.0,--,--,7:17,6:45,61,66,0.0,2012-07-12,19:06:20
426,running,2012-07-07 10:39:15,False,Untitled,2.18,279,17:15,--,--,0.0,--,--,7:55,6:59,72,85,0.0,2012-07-07,10:39:15
427,running,2012-07-04 10:34:58,False,Untitled,4.61,593,46:25,--,--,0.0,--,--,10:04,7:49,149,149,0.0,2012-07-04,10:34:58
428,running,2012-07-01 11:07:21,False,Untitled,4.01,512,31:44,--,--,0.0,--,--,7:55,4:56,252,251,0.0,2012-07-01,11:07:21
429,running,2012-06-28 18:21:55,False,Untitled,4.21,548,32:13,--,--,0.0,--,--,7:39,5:04,327,325,0.0,2012-06-28,18:21:55
430,running,2012-06-24 08:07:39,False,Untitled,6.27,812,48:07,--,--,0.0,--,--,7:41,4:20,72,74,0.0,2012-06-24,08:07:39
431,running,2012-06-21 18:21:13,False,Untitled,1.61,206,12:14,--,--,0.0,--,--,7:35,6:41,32,37,0.0,2012-06-21,18:21:13
432,running,2012-06-19 18:42:05,False,Untitled,2.75,342,22:46,--,--,0.0,--,--,8:16,6:43,284,250,0.0,2012-06-19,18:42:05
433,running,2012-06-14 19:21:38,False,Untitled,0.08,10,0:50.6,--,--,0.0,--,--,10:17,9:33,--,--,0.0,2012-06-14,19:21:38
434,running,2012-06-12 18:54:53,False,Untitled,3.27,421,26:47,--,--,0.0,--,--,8:12,7:19,102,93,0.0,2012-06-12,18:54:53
435,running,2012-06-10 15:46:39,False,Untitled,4.01,520,29:26,--,--,0.0,--,--,7:21,5:41,137,140,0.0,2012-06-10,15:46:39
436,running,2012-06-08 17:35:55,False,Untitled,4.45,556,35:41,--,--,0.0,--,--,8:01,4:42,3,2,0.0,2012-06-08,17:35:55
437,running,2012-06-05 18:53:47,False,Castle Island,5.12,653,44:01,--,--,0.0,--,--,8:36,7:43,232,231,0.0,2012-06-05,18:53:47
438,running,2012-06-03 09:48:43,False,AIDS 5k Race,3.12,402,22:45,--,--,0.0,--,--,7:17,4:26,2,13,0.0,2012-06-03,09:48:43
439,running,2012-05-31 17:23:36,False,Vernal Pool,2.0,253,16:20,--,--,0.0,--,--,8:09,6:32,266,285,0.0,2012-05-31,17:23:36
440,running,2012-05-29 18:32:47,False,DeCotis Farm Road,3.13,395,26:24,--,--,0.0,--,--,8:27,6:18,433,430,0.0,2012-05-29,18:32:47
441,running,2012-05-26 09:50:23,False,Maine Run - Curtis Road,3.0,379,27:05,--,--,0.0,--,--,9:02,5:51,394,400,0.0,2012-05-26,09:50:23
442,running,2012-05-24 18:10:13,False,Castle Island,2.16,279,16:33,--,--,0.0,--,--,7:40,6:35,167,164,0.0,2012-05-24,18:10:13
443,running,2012-05-20 18:47:07,False,Esplanade,2.02,261,17:16,--,--,0.0,--,--,8:33,6:36,243,243,0.0,2012-05-20,18:47:07
444,running,2012-05-13 18:02:38,False,Castle Island,2.0,255,16:07,--,--,0.0,--,--,8:02,7:05,56,60,0.0,2012-05-13,18:02:38
445,running,2012-05-06 12:21:12,False,Castle Island,3.1,402,22:55,--,--,0.0,--,--,7:23,6:34,302,279,0.0,2012-05-06,12:21:12
446,running,2012-05-03 19:57:49,False,Castle Island,2.14,278,16:13,--,--,0.0,--,--,7:34,7:04,57,58,0.0,2012-05-03,19:57:49
447,running,2012-05-02 12:14:26,False,SMT Woodland Trail,1.83,236,14:31,--,--,0.0,--,--,7:55,5:38,121,90,0.0,2012-05-02,12:14:26
448,running,2012-04-29 16:55:26,False,Castle Island,1.07,135,7:49.8,--,--,0.0,--,--,7:18,6:46,33,26,0.0,2012-04-29,16:55:26
449,running,2012-04-27 18:39:36,False,North End Bridge,1.11,140,8:20.5,--,--,0.0,--,--,7:31,6:20,3,10,0.0,2012-04-27,18:39:36
